Title,Price,Image URL
"Apple MacBook Pro Intel Core i5, 13.3-inch, 8GB RAM, 256GB SSD, Space Gray",US $279.00,https://i.ebayimg.com/thumbs/images/g/-i0AAOSwCiRljFOf/s-l300.webp
"Apple MacBook Pro 15"" 256GB SSD 8GB Quad i7 3.20Ghz Retina - 3 Year Warranty",US $339.00,https://i.ebayimg.com/thumbs/images/g/n-gAAOSwwylmceIo/s-l300.webp
Apple Macbook Pro 13.3‚Äù 2.5GHz intel Core i5 16GB RAM 1TB HDD Turboüî•,US $299.00,https://i.ebayimg.com/thumbs/images/g/4ucAAOSwQbJg6e5N/s-l300.webp
OSX VENTURA 2021 MACBOOK PRO 15 - 3.1GHz i7 - 16GB RAM - 2TB SSD - GRAY,US $569.99/ea,https://i.ebayimg.com/thumbs/images/g/APsAAOSwq99mXh8-/s-l300.webp
Apple MacBook Pro 16'' 512GB 32GB Laptop - Silver 2021,US $975.00,https://i.ebayimg.com/thumbs/images/g/dwEAAOSw0BBmEBwq/s-l300.webp
"Apple MacBook Pro 14"" (1TB SSD, M3 Pro, 18GB) Laptop - Space Black -...","US $1,795.00",https://i.ebayimg.com/thumbs/images/g/TlcAAOSwyONmblNm/s-l300.webp
"Apple Macbook Pro 16"" M3 Pro Chip 36GB RAM 512GB SSD Space Black MRW23LL/A 2023","US $1,325.00",https://i.ebayimg.com/thumbs/images/g/uDcAAOSwtntmbK6G/s-l300.webp
"Apple MacBook Pro 13.3'' Laptop - A2289 (256GB SSD, 8GB RAM) Space Gray",US $359.00,https://i.ebayimg.com/thumbs/images/g/~wQAAOSw0yZmbGfM/s-l300.webp
"Apple Macbook Pro A1707 15"" 2017 Touchbar 1TB SSD, 16GB, 2.9GHz i7, AMD Pro 560",US $236.50,https://i.ebayimg.com/thumbs/images/g/EywAAOSw4bFmTN4Z/s-l300.webp
APPLE MACBOOK PRO A1706 BTO/CTO | CORE I7-6567U 3.30GHZ | 1TB | 16GB | MONTEREY,US $142.50,https://i.ebayimg.com/thumbs/images/g/FykAAOSwm1NmbGj8/s-l300.webp
"Apple MacBook Pro Mid 2014 i7-4980HQ 2.8GHz 16GB 512GB SSD 15"" GeForce GT750M",US $57.00,https://i.ebayimg.com/thumbs/images/g/wP8AAOSwLlZmaccu/s-l300.webp
"Apple MacBook Pro 13.3"" i7-8559U 16GB 512GB SSD Space Gray MR9Q2LL/A 2018 BTO",US $346.00,https://i.ebayimg.com/thumbs/images/g/6QAAAOSwx3xmbGxv/s-l300.webp
"Apple MacBook Pro 13.3'' Laptop - A2289 (256GB SSD, 8GB RAM) Space Gray",US $293.00,https://i.ebayimg.com/thumbs/images/g/G0UAAOSwaOZma41m/s-l300.webp
Apple MacBook Pro A1706 2017 Laptop BOOTS Core i5-7267U @ 3.10 8GB RAM 512GB SSD,US $167.50,https://i.ebayimg.com/thumbs/images/g/tM0AAOSwb6tmbGlk/s-l300.webp
APPLE MACBOOK PRO 15 INCH  SSD | QUAD CORE i7 3.2GHz TURBO - VERY GOOD,US $395.00,https://i.ebayimg.com/thumbs/images/g/xz8AAOSwvTJmccE8/s-l300.webp
"Apple MacBook Pro Mid 2014 i7-4980HQ 2.8GHz 16GB 512GB SSD 15"" GeForce GT750M",US $57.00,https://i.ebayimg.com/thumbs/images/g/wP8AAOSwLlZmaccu/s-l300.webp
"Apple MacBook Pro Core i5, 13.3-inch, 8GB RAM, 256GB SSD, Space Gray - Bundle",US $249.00,https://i.ebayimg.com/thumbs/images/g/-iUAAOSwmbZljGap/s-l300.webp
"Apple MacBook Pro 13.3"" i7-8559U 16GB 512GB SSD Space Gray MR9Q2LL/A 2018 BTO",US $346.00,https://i.ebayimg.com/thumbs/images/g/6QAAAOSwx3xmbGxv/s-l300.webp
"Apple MacBook Pro A1708 13"" (128GB, Intel Core i5, 2.3 GHz, 8 GB) Laptop",US $229.99,https://i.ebayimg.com/thumbs/images/g/v-AAAOSwdsVmcWUk/s-l300.webp
"Macbook Pro 15,1 A1990 15"" Intel Core i7 2.2GHz, 16GB RAM, 250GB SSD #1181 Parts",US $149.99,https://i.ebayimg.com/thumbs/images/g/v4cAAOSwAXVmacYa/s-l300.webp
"15"" Apple MacBook Pro - 3.8Ghz Turbo i7 16GB 512GB SSD Touch Bar - 1 Yr Warranty",US $539.00,https://i.ebayimg.com/thumbs/images/g/GEkAAOSwQ0djNKot/s-l300.webp
Apple MacBook Pro 15 Retina Laptop Quad Core i7 16GB RAM 512GB SSD - WARRANTY,US $349.00,https://i.ebayimg.com/thumbs/images/g/E7sAAOSweMhmX1m8/s-l300.webp
2022 OSX VENTURA 2017 MACBOOK PRO 13 - 2.5GHz i7 - 16GB RAM - 512GB SSD - GRAY,US $449.99,https://i.ebayimg.com/thumbs/images/g/PwAAAOSw4qdmYJq~/s-l300.webp
"EXCELLENT Apple MacBook Pro 13"" / 3.1GHZ i5 TURBO / 256GB SSD",US $399.00,https://i.ebayimg.com/thumbs/images/g/aWUAAOSw8kFmbKyo/s-l300.webp
Apple Mac Book Pro i5 2.9ghz 16GB RAM 256SSD - nice!,US $132.50,https://i.ebayimg.com/thumbs/images/g/RjgAAOSwPVJmbwoK/s-l300.webp
"Apple MacBook Pro 13.3"" Intel Core i5 2.4GHz, 8GB Ram , 500GB Hdd MacOS 10.13",US $105.00/ea,https://i.ebayimg.com/thumbs/images/g/qScAAOSwQPxiyh7G/s-l300.webp
APPLE MACBOOK PRO A2141 2019 i7 2.6GHz 512GB 16GB Grade D,US $379.99,https://i.ebayimg.com/thumbs/images/g/w64AAOSw8~hkW9vG/s-l300.webp
"Apple MacBook Pro 16'' (512GB, Intel Core i7, 2.6 GHz, 16 GB) Laptop - Space...",US $500.00,https://i.ebayimg.com/thumbs/images/g/7NgAAOSwR7pmcvMr/s-l300.webp
2017/2020 MACBOOK PRO 15 INCH TOUCHBAR - CORE 3.9GHz i7 TURBO 16GB RAM 512GB SSD,US $550.00,https://i.ebayimg.com/thumbs/images/g/BoYAAOSwwsNmYIoB/s-l300.webp
"Apple MacBook Pro 256GB SSD, 8GB RAM, Core i5, 13.3-inch, Space Gray",US $249.00,https://i.ebayimg.com/thumbs/images/g/bCoAAOSwB9RljFWD/s-l300.webp
2017/2019 Apple Macbook Pro Core 4.0GHz i7 TURBO VENTURA 2TB SSD 16GB A1708,US $650.00,https://i.ebayimg.com/thumbs/images/g/Hg8AAOSw4-RmcKcc/s-l300.webp
"Apple 2020 13"" MacBook Pro A2289 i5 1.4GHz  8GB RAM 256GB SSD",US $399.99,https://i.ebayimg.com/thumbs/images/g/t0QAAOSwbfFmagMl/s-l300.webp
"Apple MacBook Pro 13.3"" (750GB HDD, Intel Core i7-3520M, 2.90 GHz, 8GB RAM)...",US $110.00,https://i.ebayimg.com/thumbs/images/g/h14AAOSwd3lmcD6S/s-l300.webp
"Apple MacBook Pro 15"" 2017 A1707 - *PARTS KEYBOARD/BATTERY SEE DESCRIPTION",US $149.99,https://i.ebayimg.com/thumbs/images/g/3XoAAOSwmZFmacyE/s-l300.webp
"Apple MacBook Pro Touch/2017 Intel i5-7287U 3.30 GHz 16GB RAM 256GB SSD 13""",US $235.50,https://i.ebayimg.com/thumbs/images/g/wHkAAOSwi21madjC/s-l300.webp
Apple 14 MacBook Pro M1 Pro 8-Core CPU and 14-core GPU 2021/2022 512GB SSD 16GB,"US $1,339.00",https://i.ebayimg.com/thumbs/images/g/888AAOSw8gJmcHsQ/s-l300.webp
Apple Macbook PRO i5-3210M 2.50GHz 8GB RAM 128GB SSD HIGH SIERRA FATHER DAY GIFT,US $110.00/ea,https://i.ebayimg.com/thumbs/images/g/FvEAAOSw14dmWTPi/s-l300.webp
"Apple MacBook Pro M1 Max 10core 64GB 2TB  32C14.2"" gray 2021 MKH53LL/A SEALED‚úÖ‚ù§Ô∏è","US $2,399.99",https://i.ebayimg.com/thumbs/images/g/tJIAAOSwgUdlLZZ7/s-l300.webp
Apple MacBook Pro 13.3‚Äù 2.5GHz i5 16GB RAM 1TB HDD Loaded,US $299.00,https://i.ebayimg.com/thumbs/images/g/0psAAOSwM7lkAn-A/s-l300.webp
APPLE MACBOOK PRO INTEL i5 2.3GHz 8GB RAM 120GB SSD MACOS SONOMA 14.3.1 GIFT SET,US $140.00/ea,https://i.ebayimg.com/thumbs/images/g/PSAAAOSwhXlmIauD/s-l300.webp
"Apple MacBook Pro 13.3-inch, Silver, 8GB RAM, 128GB SSD, Intel Core i5",US $219.00,https://i.ebayimg.com/thumbs/images/g/hx0AAOSwvYFljFes/s-l300.webp
"Apple MacBook Pro 2020 13"" Touch Bar 2.3GHz i7 16GB  512GB SSD | Gray #",US $399.00,https://i.ebayimg.com/thumbs/images/g/SZEAAOSwxD9l-1TC/s-l300.webp
"2020 Apple MacBook Pro 13"" M1 3.2GHz 8GB RAM 256GB SSD Space Gray A2338 Read",US $449.99,https://i.ebayimg.com/thumbs/images/g/YLQAAOSwjOpmctau/s-l300.webp
"APPLE 2019 Macbook Pro A2141 16"" I7-9750H@2.60GHz 16GB/512G Pro 5300M MVVL2LL/A",US $479.99,https://i.ebayimg.com/thumbs/images/g/jugAAOSwPFJl1U7j/s-l300.webp
Apple MacBook Pro Laptop + 16 GB RAM + 1 TB HD + 2 YR WARRANTY + OFFICE,US $123.00/ea,https://i.ebayimg.com/images/g/EJ0AAOSwdPVjVx~a/s-l500.jpg
Apple MacBook Pro 2020 A2338 13in M1 8 Core 8GB RAM 256GB SSD Very Good,US $574.95,
Apple Macbook Pro 13.3‚Äù 2.5GHz intel Core i5 16GB RAM 1TB HDD Turboüî•,US $299.00,https://i.ebayimg.com/thumbs/images/g/8y4AAOSwwWpmKVLa/s-l300.webp
"2015 Apple Macbook Pro 13"" Retina - i5 2.7GHZ 8GB 512GB - OS Monterey Very Good",US $179.10,https://i.ebayimg.com/thumbs/images/g/g4EAAOSwVe1mYKlW/s-l300.webp
"Apple MacBook Pro Intel Core i5, 13.3-inch, 8GB RAM, 256GB SSD, Space Gray",US $150.00,https://i.ebayimg.com/thumbs/images/g/rz4AAOSwDxFmcvJu/s-l300.webp
"Apple MacBook Pro 15"" 2.9GHz Core i7 16GB RAM 512GB SSD A1707, EMC 3162 2017",US $202.50,https://i.ebayimg.com/thumbs/images/g/M60AAOSwKxVmbIbi/s-l300.webp
"Apple MacBook Pro A1278 13.3"" i5-3210M 2.5GHz 4GB 500GB MD101LL/A Mid 2012 nice",US $74.95,https://i.ebayimg.com/thumbs/images/g/~OgAAOSwS~FmQlQl/s-l300.webp
"MacBook Pro Retina 15.4'' (512GB SSD, Intel Core i7-7700HQ, 2.80 GHz, 16GB)...",US $275.00,https://i.ebayimg.com/thumbs/images/g/Dy4AAOSwlVNmKYpM/s-l300.webp
"Apple 2019 16"" MacBook Pro 2.6GHz i7 16GB RAM 512GB SSD RP5300M 4GB - READ",US $399.98,https://i.ebayimg.com/thumbs/images/g/y3gAAOSwKaVmccuD/s-l300.webp
"Apple MacBook Pro 15.4"" (256GB SSD, Intel Core i7 4th Gen., 2.2GHz, 16GB RAM)...",US $120.00,https://i.ebayimg.com/thumbs/images/g/3-gAAOSw1YpmcfDn/s-l300.webp
MacBook Pro 15 inch Touch Bar 512GB SSD 16GB i7 Ventura Space Gray - NEW BATTERY,US $585.00,https://i.ebayimg.com/thumbs/images/g/f~4AAOSwtO5mbKGV/s-l300.webp
"MacBook Pro 12,1 A1502 13"" Intel Core i7 3.1GHz, 16GB RAM, 250GB SSD #2507",US $102.50,https://i.ebayimg.com/thumbs/images/g/8YwAAOSw~uBmadfv/s-l300.webp
Apple A2251 MacBook Pro 13 Inch 2.3 GHz Core i7 16GB RAM 500GB 2020 Touch Bar,US $449.99,https://i.ebayimg.com/thumbs/images/g/-ngAAOSwL7xmO6Il/s-l300.webp
"Apple MacBook Pro 14"" M3 Pro Chip 18GB RAM 512GB SSD Space Black MRX33LL/A","US $1,599.99",https://i.ebayimg.com/thumbs/images/g/RYMAAOSwf1dlbqoj/s-l300.webp
"Apple MacBook Pro 15"" i7 Retina 1TB SSD 16GB 3.4Ghz Monterey - 3 Year Warranty",US $529.00,https://i.ebayimg.com/thumbs/images/g/sYAAAOSwGcBjhTyv/s-l300.webp
"Apple MacBook Pro  2017, 13.3in(512GB SSD, Intel Core I7, 3.50GHz, 16GB RAM)...",US $285.00,https://i.ebayimg.com/thumbs/images/g/oaMAAOSwc39mcf61/s-l300.webp
"A1297 MacBook Pro El Capitan 17"" Early 2011 2.2 GHz 16GB RAM 128 GB HHD",US $110.50,https://i.ebayimg.com/thumbs/images/g/hqUAAOSwjChmagR8/s-l300.webp
"APPLE MACBOOK PRO A1707 15"" i7 2.9GHz 2017 16GB 512GB Grade D",US $261.24,https://i.ebayimg.com/thumbs/images/g/jDMAAOSwztFkiL4a/s-l300.webp
"15"" MacBook Pro 2017 Gray 2.9 i7 16GB 512GB SSD 560 Ventura + Warranty + Good",US $375.00,https://i.ebayimg.com/thumbs/images/g/7M0AAOSwIUJifYCB/s-l300.webp
"Apple Macbook Pro Mid 2018 Touchbar 13"" A1989 I5 2.3GHz 16GBb 512GB MR9Q2LL/A",US $379.00,https://i.ebayimg.com/thumbs/images/g/N-IAAOSw-GlmBsuq/s-l300.webp
13 Apple Macbook Pro Core i7 4.0GHz Turbo 512GB SSD 16GB A1706 TouchBar Warranty,US $549.00,https://i.ebayimg.com/thumbs/images/g/lhAAAOSwF0tjNKee/s-l300.webp
"Apple MacBook Pro 15.4"" (1TB SSD, Intel Core i7 7th Gen., 2.90 GHz, 16GB) Laptop",US $100.00,https://i.ebayimg.com/thumbs/images/g/2P4AAOSwUYtmcmUd/s-l300.webp
Apple 13.3 MacBook Pro 1.4GHz 8GB RAM 512GB SSD Space Gray MXK52LL/A Very Good,US $554.95,https://i.ebayimg.com/thumbs/images/g/ar4AAOSwrvhk7hzW/s-l300.webp
"2017 MacBook Pro A1706 13.3"" I7-7567U 3.50 GHZ 16 GB RAM 256 GB",US $100.00,https://i.ebayimg.com/thumbs/images/g/gVoAAOSwVKtmcfjh/s-l300.webp
"Apple MacBook Pro 15"" 1TB SSD 16GB i7 3.40Ghz Retina - Big Sur - 3 Year Warranty",US $495.00,https://i.ebayimg.com/thumbs/images/g/tLEAAOSwzOJjKIz4/s-l300.webp
"Apple MacBook Pro (13-inch, 2017) Intel Core i5 | 8GB Ram | 256GB SSD",US $210.00,https://i.ebayimg.com/thumbs/images/g/1O8AAOSwdsVmcPZK/s-l300.webp
"Apple MacBook Pro 2017 15"" Touch ID 2.8GHz i7 16GB RAM,256GB SSD,Radeon Pro,Good",US $249.00,https://i.ebayimg.com/thumbs/images/g/J-AAAOSwv99mccvp/s-l300.webp
"Apple MacBook Pro 2020 13"" 2.3 GHz i7 | 16GB RAM 512GB SSD | Gray *",US $500.00,https://i.ebayimg.com/thumbs/images/g/J~UAAOSwlwhl6gRc/s-l300.webp
"2015 Apple MacBook Pro 15"" A1398 i7 2.5GHz 16GB RAM 512GB SSD Monterey-Read",US $159.99,https://i.ebayimg.com/thumbs/images/g/jsIAAOSwWq9mcHHb/s-l300.webp
"MACBOOK PRO 15"" | 16GB RAM | QUAD CORE i7 | 3 YEAR WARRANTY | APPLE LAPTOP",US $299.00,https://i.ebayimg.com/thumbs/images/g/IX4AAOSwoQ9hyylj/s-l300.webp
APPLE MACBOOK PRO A2251 2020 i5 2GHz 16GB 512GB Grade D,US $427.49,https://i.ebayimg.com/thumbs/images/g/qYMAAOSwNrhkW7oC/s-l300.webp
APPLE MACBOOK PRO A2251 2020 i7 2.3GHz 16GB 512GB  Grade A One Year Warranty!,US $549.95/ea,https://i.ebayimg.com/thumbs/images/g/4RMAAOSwMrlmZ5JG/s-l300.webp
Apple A2251 MacBook Pro 13 Inch 2.00 GHz Core i5 16GB RAM 512GB 2020 LPDDR4X,US $439.99,https://i.ebayimg.com/thumbs/images/g/fPYAAOSwMshmQjDV/s-l300.webp
"Apple MacBook Pro A1990 15.4"" I7-8750H 2.20 GHZ 32 GB RAM 256 GB",US $100.00,https://i.ebayimg.com/thumbs/images/g/wXUAAOSwikFmchbH/s-l300.webp
"Apple MacBook Pro (13-inch, M1, 2020) - 8GB RAM - 256GB SSD - A2338 - Good",US $559.99,https://i.ebayimg.com/thumbs/images/g/RXUAAOSw6~1mX0cH/s-l300.webp
"Apple MacBook Pro 2017 13"" i5 8GB 256GB A1708 Gray  Service Battery#976",US $179.99,https://i.ebayimg.com/thumbs/images/g/ejoAAOSwyWVmXkGY/s-l300.webp
"MacBook Pro 14,3 A1707 15"" Intel Core i7 2.8GHz, 16GB RAM, 500GB SSD #2435",US $199.99,https://i.ebayimg.com/thumbs/images/g/NAMAAOSwv5VmaeDK/s-l300.webp
"2018 MacBook Pro A1989 13.3"" I7-8559U 2.70 GHZ 16 GB RAM 512 GB",US $110.00,https://i.ebayimg.com/thumbs/images/g/OmkAAOSwBC1mcgP0/s-l300.webp
MONTEREY 2015 MACBOOK PRO 13 - 2.7GHz i5 - 16GB RAM - 256 GB SSD,US $289.99,https://i.ebayimg.com/thumbs/images/g/CDIAAOSw0RxmRmyC/s-l300.webp
Apple MacBook Pro 15 Retina Laptop i7 16GB RAM 1TB SSD - BIG SUR - WARRANTY,US $399.99,https://i.ebayimg.com/thumbs/images/g/puoAAOSwKf9mM-oZ/s-l300.webp
